{
  "title":{
    "0":"Bloom",
    "1":"Morning Mr Magpie",
    "2":"Little by Little",
    "3":"Feral",
    "4":"Lotus Flower",
    "5":"Codex",
    "6":"Give Up the Ghost",
    "7":"Separator",
    "8":"Airbag",
    "9":"Paranoid Android",
    "10":"Subterranean Homesick Alien",
    "11":"Exit Music (For a Film)",
    "12":"Let Down",
    "13":"Karma Police",
    "14":"Fitter Happier",
    "15":"Electioneering",
    "16":"Climbing Up the Walls",
    "17":"No Surprises",
    "18":"Lucky",
    "19":"The Tourist",
    "20":"Mysterons",
    "21":"Sour Times",
    "22":"Strangers",
    "23":"It Could Be Sweet",
    "24":"Wandering Star",
    "25":"It's a Fire",
    "26":"Numb",
    "27":"Roads",
    "28":"Pedestal",
    "29":"Biscuit",
    "30":"Glory Box",
    "31":"Silence",
    "32":"Hunter",
    "33":"Nylon Smile",
    "34":"The Rip",
    "35":"Plastic",
    "36":"We Carry On",
    "37":"Deep Water",
    "38":"Machine Gun",
    "39":"Small",
    "40":"Magic Doors",
    "41":"Threads"
  },
  "length":{
    "0":"5:15",
    "1":"4:41",
    "2":"4:27",
    "3":"3:13",
    "4":"5:01",
    "5":"4:47",
    "6":"4:50",
    "7":"5:20",
    "8":"4:44",
    "9":"6:23",
    "10":"4:27",
    "11":"4:24",
    "12":"4:59",
    "13":"4:21",
    "14":"1:57",
    "15":"3:50",
    "16":"4:45",
    "17":"3:48",
    "18":"4:19",
    "19":"5:24",
    "20":"5:02",
    "21":"4:11",
    "22":"3:55",
    "23":"4:16",
    "24":"4:51",
    "25":"3:49",
    "26":"3:54",
    "27":"5:02",
    "28":"3:39",
    "29":"5:01",
    "30":"5:06",
    "31":"4:58",
    "32":"3:57",
    "33":"3:16",
    "34":"4:29",
    "35":"3:27",
    "36":"6:27",
    "37":"1:31",
    "38":"4:43",
    "39":"6:45",
    "40":"3:32",
    "41":"5:45"
  },
  "name":{
    "0":"Radiohead",
    "1":"Radiohead",
    "2":"Radiohead",
    "3":"Radiohead",
    "4":"Radiohead",
    "5":"Radiohead",
    "6":"Radiohead",
    "7":"Radiohead",
    "8":"Radiohead",
    "9":"Radiohead",
    "10":"Radiohead",
    "11":"Radiohead",
    "12":"Radiohead",
    "13":"Radiohead",
    "14":"Radiohead",
    "15":"Radiohead",
    "16":"Radiohead",
    "17":"Radiohead",
    "18":"Radiohead",
    "19":"Radiohead",
    "20":"Portishead",
    "21":"Portishead",
    "22":"Portishead",
    "23":"Portishead",
    "24":"Portishead",
    "25":"Portishead",
    "26":"Portishead",
    "27":"Portishead",
    "28":"Portishead",
    "29":"Portishead",
    "30":"Portishead",
    "31":"Portishead",
    "32":"Portishead",
    "33":"Portishead",
    "34":"Portishead",
    "35":"Portishead",
    "36":"Portishead",
    "37":"Portishead",
    "38":"Portishead",
    "39":"Portishead",
    "40":"Portishead",
    "41":"Portishead"
  },
  "albums.title":{
    "0":"The King of Limbs",
    "1":"The King of Limbs",
    "2":"The King of Limbs",
    "3":"The King of Limbs",
    "4":"The King of Limbs",
    "5":"The King of Limbs",
    "6":"The King of Limbs",
    "7":"The King of Limbs",
    "8":"OK Computer",
    "9":"OK Computer",
    "10":"OK Computer",
    "11":"OK Computer",
    "12":"OK Computer",
    "13":"OK Computer",
    "14":"OK Computer",
    "15":"OK Computer",
    "16":"OK Computer",
    "17":"OK Computer",
    "18":"OK Computer",
    "19":"OK Computer",
    "20":"Dummy",
    "21":"Dummy",
    "22":"Dummy",
    "23":"Dummy",
    "24":"Dummy",
    "25":"Dummy",
    "26":"Dummy",
    "27":"Dummy",
    "28":"Dummy",
    "29":"Dummy",
    "30":"Dummy",
    "31":"Third",
    "32":"Third",
    "33":"Third",
    "34":"Third",
    "35":"Third",
    "36":"Third",
    "37":"Third",
    "38":"Third",
    "39":"Third",
    "40":"Third",
    "41":"Third"
  }
}